{"cameraMode":{"drawMode":0,"name":"Shaded","section":"Shading Mode"},"sceneLighting":false,"audioPlay":false,"sceneViewState":{"m_AlwaysRefresh":false,"showFog":true,"showSkybox":false,"showFlares":true,"showImageEffects":true,"showParticleSystems":true,"showVisualEffectGraphs":true,"m_FxEnabled":true},"in2DMode":false,"pivot":{"x":10.907999992370606,"y":4.130000114440918,"z":-14.039999961853028},"rotation":{"x":-0.14506158232688905,"y":-0.5288820266723633,"z":0.09233660250902176,"w":-0.8311253786087036},"size":0.11884624511003494,"orthographic":false}