{"cameraMode":{"drawMode":0,"name":"Shaded","section":"Shading Mode"},"sceneLighting":true,"audioPlay":false,"sceneViewState":{"m_AlwaysRefresh":false,"showFog":true,"showSkybox":true,"showFlares":true,"showImageEffects":true,"showParticleSystems":true,"showVisualEffectGraphs":true,"m_FxEnabled":true},"in2DMode":false,"pivot":{"x":37.49718475341797,"y":1.4591617584228516,"z":32.236366271972659},"rotation":{"x":0.08500543236732483,"y":0.27347975969314577,"z":-0.02423079125583172,"w":0.9578707814216614},"size":37.98607635498047,"orthographic":false}